site,DOM
-1,sig. pep.
-2,sig. pep.
-3,sig. pep.
-4,sig. pep.
-5,sig. pep.
-6,sig. pep.
-7,sig. pep.
-8,sig. pep.
-9,sig. pep.
-10,sig. pep.
-11,sig. pep.
-12,sig. pep.
-13,sig. pep.
-14,sig. pep.
-15,sig. pep.
-16,sig. pep.
1,HA1 ecto.
2,HA1 ecto.
3,HA1 ecto.
4,HA1 ecto.
5,HA1 ecto.
6,HA1 ecto.
7,HA1 ecto.
8,HA1 ecto.
9,HA1 ecto.
10,HA1 ecto.
11,HA1 ecto.
12,HA1 ecto.
13,HA1 ecto.
14,HA1 ecto.
15,HA1 ecto.
16,HA1 ecto.
17,HA1 ecto.
18,HA1 ecto.
19,HA1 ecto.
20,HA1 ecto.
21,HA1 ecto.
22,HA1 ecto.
23,HA1 ecto.
24,HA1 ecto.
25,HA1 ecto.
26,HA1 ecto.
27,HA1 ecto.
28,HA1 ecto.
29,HA1 ecto.
30,HA1 ecto.
31,HA1 ecto.
32,HA1 ecto.
33,HA1 ecto.
34,HA1 ecto.
35,HA1 ecto.
36,HA1 ecto.
37,HA1 ecto.
38,HA1 ecto.
39,HA1 ecto.
40,HA1 ecto.
41,HA1 ecto.
42,HA1 ecto.
43,HA1 ecto.
44,HA1 ecto.
45,HA1 ecto.
46,HA1 ecto.
47,HA1 ecto.
48,HA1 ecto.
49,HA1 ecto.
50,HA1 ecto.
51,HA1 ecto.
52,HA1 ecto.
53,HA1 ecto.
54,HA1 ecto.
55,HA1 ecto.
56,HA1 ecto.
57,HA1 ecto.
58,HA1 ecto.
59,HA1 ecto.
60,HA1 ecto.
61,HA1 ecto.
62,HA1 ecto.
63,HA1 ecto.
64,HA1 ecto.
65,HA1 ecto.
66,HA1 ecto.
67,HA1 ecto.
68,HA1 ecto.
69,HA1 ecto.
70,HA1 ecto.
71,HA1 ecto.
72,HA1 ecto.
73,HA1 ecto.
74,HA1 ecto.
75,HA1 ecto.
76,HA1 ecto.
77,HA1 ecto.
78,HA1 ecto.
79,HA1 ecto.
80,HA1 ecto.
81,HA1 ecto.
82,HA1 ecto.
83,HA1 ecto.
84,HA1 ecto.
85,HA1 ecto.
86,HA1 ecto.
87,HA1 ecto.
88,HA1 ecto.
89,HA1 ecto.
90,HA1 ecto.
91,HA1 ecto.
92,HA1 ecto.
93,HA1 ecto.
94,HA1 ecto.
95,HA1 ecto.
96,HA1 ecto.
97,HA1 ecto.
98,HA1 ecto.
99,HA1 ecto.
100,HA1 ecto.
101,HA1 ecto.
102,HA1 ecto.
103,HA1 ecto.
104,HA1 ecto.
105,HA1 ecto.
106,HA1 ecto.
107,HA1 ecto.
108,HA1 ecto.
109,HA1 ecto.
110,HA1 ecto.
111,HA1 ecto.
112,HA1 ecto.
113,HA1 ecto.
114,HA1 ecto.
115,HA1 ecto.
116,HA1 ecto.
117,HA1 ecto.
118,HA1 ecto.
119,HA1 ecto.
120,HA1 ecto.
121,HA1 ecto.
122,HA1 ecto.
123,HA1 ecto.
124,HA1 ecto.
125,HA1 ecto.
126,HA1 ecto.
127,HA1 ecto.
128,HA1 ecto.
129,HA1 ecto.
130,HA1 ecto.
131,HA1 ecto.
132,HA1 ecto.
133,HA1 ecto.
134,HA1 ecto.
135,HA1 ecto.
136,HA1 ecto.
137,HA1 ecto.
138,HA1 ecto.
139,HA1 ecto.
140,HA1 ecto.
141,HA1 ecto.
142,HA1 ecto.
143,HA1 ecto.
144,HA1 ecto.
145,HA1 ecto.
146,HA1 ecto.
147,HA1 ecto.
148,HA1 ecto.
149,HA1 ecto.
150,HA1 ecto.
151,HA1 ecto.
152,HA1 ecto.
153,HA1 ecto.
154,HA1 ecto.
155,HA1 ecto.
156,HA1 ecto.
157,HA1 ecto.
158,HA1 ecto.
159,HA1 ecto.
160,HA1 ecto.
161,HA1 ecto.
162,HA1 ecto.
163,HA1 ecto.
164,HA1 ecto.
165,HA1 ecto.
166,HA1 ecto.
167,HA1 ecto.
168,HA1 ecto.
169,HA1 ecto.
170,HA1 ecto.
171,HA1 ecto.
172,HA1 ecto.
173,HA1 ecto.
174,HA1 ecto.
175,HA1 ecto.
176,HA1 ecto.
177,HA1 ecto.
178,HA1 ecto.
179,HA1 ecto.
180,HA1 ecto.
181,HA1 ecto.
182,HA1 ecto.
183,HA1 ecto.
184,HA1 ecto.
185,HA1 ecto.
186,HA1 ecto.
187,HA1 ecto.
188,HA1 ecto.
189,HA1 ecto.
190,HA1 ecto.
191,HA1 ecto.
192,HA1 ecto.
193,HA1 ecto.
194,HA1 ecto.
195,HA1 ecto.
196,HA1 ecto.
197,HA1 ecto.
198,HA1 ecto.
199,HA1 ecto.
200,HA1 ecto.
201,HA1 ecto.
202,HA1 ecto.
203,HA1 ecto.
204,HA1 ecto.
205,HA1 ecto.
206,HA1 ecto.
207,HA1 ecto.
208,HA1 ecto.
209,HA1 ecto.
210,HA1 ecto.
211,HA1 ecto.
212,HA1 ecto.
213,HA1 ecto.
214,HA1 ecto.
215,HA1 ecto.
216,HA1 ecto.
217,HA1 ecto.
218,HA1 ecto.
219,HA1 ecto.
220,HA1 ecto.
221,HA1 ecto.
222,HA1 ecto.
223,HA1 ecto.
224,HA1 ecto.
225,HA1 ecto.
226,HA1 ecto.
227,HA1 ecto.
228,HA1 ecto.
229,HA1 ecto.
230,HA1 ecto.
231,HA1 ecto.
232,HA1 ecto.
233,HA1 ecto.
234,HA1 ecto.
235,HA1 ecto.
236,HA1 ecto.
237,HA1 ecto.
238,HA1 ecto.
239,HA1 ecto.
240,HA1 ecto.
241,HA1 ecto.
242,HA1 ecto.
243,HA1 ecto.
244,HA1 ecto.
245,HA1 ecto.
246,HA1 ecto.
247,HA1 ecto.
248,HA1 ecto.
249,HA1 ecto.
250,HA1 ecto.
251,HA1 ecto.
252,HA1 ecto.
253,HA1 ecto.
254,HA1 ecto.
255,HA1 ecto.
256,HA1 ecto.
257,HA1 ecto.
258,HA1 ecto.
259,HA1 ecto.
260,HA1 ecto.
261,HA1 ecto.
262,HA1 ecto.
263,HA1 ecto.
264,HA1 ecto.
265,HA1 ecto.
266,HA1 ecto.
267,HA1 ecto.
268,HA1 ecto.
269,HA1 ecto.
270,HA1 ecto.
271,HA1 ecto.
272,HA1 ecto.
273,HA1 ecto.
274,HA1 ecto.
275,HA1 ecto.
276,HA1 ecto.
277,HA1 ecto.
278,HA1 ecto.
279,HA1 ecto.
280,HA1 ecto.
281,HA1 ecto.
282,HA1 ecto.
283,HA1 ecto.
284,HA1 ecto.
285,HA1 ecto.
286,HA1 ecto.
287,HA1 ecto.
288,HA1 ecto.
289,HA1 ecto.
290,HA1 ecto.
291,HA1 ecto.
292,HA1 ecto.
293,HA1 ecto.
294,HA1 ecto.
295,HA1 ecto.
296,HA1 ecto.
297,HA1 ecto.
298,HA1 ecto.
299,HA1 ecto.
300,HA1 ecto.
301,HA1 ecto.
302,HA1 ecto.
303,HA1 ecto.
304,HA1 ecto.
305,HA1 ecto.
306,HA1 ecto.
307,HA1 ecto.
308,HA1 ecto.
309,HA1 ecto.
310,HA1 ecto.
311,HA1 ecto.
312,HA1 ecto.
313,HA1 ecto.
314,HA1 ecto.
315,HA1 ecto.
316,HA1 ecto.
317,HA1 ecto.
318,HA1 ecto.
319,HA1 ecto.
320,HA1 ecto.
321,HA1 ecto.
322,HA1 ecto.
323,HA1 ecto.
324,HA1 ecto.
325,HA1 ecto.
326,HA1 ecto.
327,HA1 ecto.
328,HA1 ecto.
329,HA1 ecto.
(HA2)1,HA2 ecto.
(HA2)2,HA2 ecto.
(HA2)3,HA2 ecto.
(HA2)4,HA2 ecto.
(HA2)5,HA2 ecto.
(HA2)6,HA2 ecto.
(HA2)7,HA2 ecto.
(HA2)8,HA2 ecto.
(HA2)9,HA2 ecto.
(HA2)10,HA2 ecto.
(HA2)11,HA2 ecto.
(HA2)12,HA2 ecto.
(HA2)13,HA2 ecto.
(HA2)14,HA2 ecto.
(HA2)15,HA2 ecto.
(HA2)16,HA2 ecto.
(HA2)17,HA2 ecto.
(HA2)18,HA2 ecto.
(HA2)19,HA2 ecto.
(HA2)20,HA2 ecto.
(HA2)21,HA2 ecto.
(HA2)22,HA2 ecto.
(HA2)23,HA2 ecto.
(HA2)24,HA2 ecto.
(HA2)25,HA2 ecto.
(HA2)26,HA2 ecto.
(HA2)27,HA2 ecto.
(HA2)28,HA2 ecto.
(HA2)29,HA2 ecto.
(HA2)30,HA2 ecto.
(HA2)31,HA2 ecto.
(HA2)32,HA2 ecto.
(HA2)33,HA2 ecto.
(HA2)34,HA2 ecto.
(HA2)35,HA2 ecto.
(HA2)36,HA2 ecto.
(HA2)37,HA2 ecto.
(HA2)38,HA2 ecto.
(HA2)39,HA2 ecto.
(HA2)40,HA2 ecto.
(HA2)41,HA2 ecto.
(HA2)42,HA2 ecto.
(HA2)43,HA2 ecto.
(HA2)44,HA2 ecto.
(HA2)45,HA2 ecto.
(HA2)46,HA2 ecto.
(HA2)47,HA2 ecto.
(HA2)48,HA2 ecto.
(HA2)49,HA2 ecto.
(HA2)50,HA2 ecto.
(HA2)51,HA2 ecto.
(HA2)52,HA2 ecto.
(HA2)53,HA2 ecto.
(HA2)54,HA2 ecto.
(HA2)55,HA2 ecto.
(HA2)56,HA2 ecto.
(HA2)57,HA2 ecto.
(HA2)58,HA2 ecto.
(HA2)59,HA2 ecto.
(HA2)60,HA2 ecto.
(HA2)61,HA2 ecto.
(HA2)62,HA2 ecto.
(HA2)63,HA2 ecto.
(HA2)64,HA2 ecto.
(HA2)65,HA2 ecto.
(HA2)66,HA2 ecto.
(HA2)67,HA2 ecto.
(HA2)68,HA2 ecto.
(HA2)69,HA2 ecto.
(HA2)70,HA2 ecto.
(HA2)71,HA2 ecto.
(HA2)72,HA2 ecto.
(HA2)73,HA2 ecto.
(HA2)74,HA2 ecto.
(HA2)75,HA2 ecto.
(HA2)76,HA2 ecto.
(HA2)77,HA2 ecto.
(HA2)78,HA2 ecto.
(HA2)79,HA2 ecto.
(HA2)80,HA2 ecto.
(HA2)81,HA2 ecto.
(HA2)82,HA2 ecto.
(HA2)83,HA2 ecto.
(HA2)84,HA2 ecto.
(HA2)85,HA2 ecto.
(HA2)86,HA2 ecto.
(HA2)87,HA2 ecto.
(HA2)88,HA2 ecto.
(HA2)89,HA2 ecto.
(HA2)90,HA2 ecto.
(HA2)91,HA2 ecto.
(HA2)92,HA2 ecto.
(HA2)93,HA2 ecto.
(HA2)94,HA2 ecto.
(HA2)95,HA2 ecto.
(HA2)96,HA2 ecto.
(HA2)97,HA2 ecto.
(HA2)98,HA2 ecto.
(HA2)99,HA2 ecto.
(HA2)100,HA2 ecto.
(HA2)101,HA2 ecto.
(HA2)102,HA2 ecto.
(HA2)103,HA2 ecto.
(HA2)104,HA2 ecto.
(HA2)105,HA2 ecto.
(HA2)106,HA2 ecto.
(HA2)107,HA2 ecto.
(HA2)108,HA2 ecto.
(HA2)109,HA2 ecto.
(HA2)110,HA2 ecto.
(HA2)111,HA2 ecto.
(HA2)112,HA2 ecto.
(HA2)113,HA2 ecto.
(HA2)114,HA2 ecto.
(HA2)115,HA2 ecto.
(HA2)116,HA2 ecto.
(HA2)117,HA2 ecto.
(HA2)118,HA2 ecto.
(HA2)119,HA2 ecto.
(HA2)120,HA2 ecto.
(HA2)121,HA2 ecto.
(HA2)122,HA2 ecto.
(HA2)123,HA2 ecto.
(HA2)124,HA2 ecto.
(HA2)125,HA2 ecto.
(HA2)126,HA2 ecto.
(HA2)127,HA2 ecto.
(HA2)128,HA2 ecto.
(HA2)129,HA2 ecto.
(HA2)130,HA2 ecto.
(HA2)131,HA2 ecto.
(HA2)132,HA2 ecto.
(HA2)133,HA2 ecto.
(HA2)134,HA2 ecto.
(HA2)135,HA2 ecto.
(HA2)136,HA2 ecto.
(HA2)137,HA2 ecto.
(HA2)138,HA2 ecto.
(HA2)139,HA2 ecto.
(HA2)140,HA2 ecto.
(HA2)141,HA2 ecto.
(HA2)142,HA2 ecto.
(HA2)143,HA2 ecto.
(HA2)144,HA2 ecto.
(HA2)145,HA2 ecto.
(HA2)146,HA2 ecto.
(HA2)147,HA2 ecto.
(HA2)148,HA2 ecto.
(HA2)149,HA2 ecto.
(HA2)150,HA2 ecto.
(HA2)151,HA2 ecto.
(HA2)152,HA2 ecto.
(HA2)153,HA2 ecto.
(HA2)154,HA2 ecto.
(HA2)155,HA2 ecto.
(HA2)156,HA2 ecto.
(HA2)157,HA2 ecto.
(HA2)158,HA2 ecto.
(HA2)159,HA2 ecto.
(HA2)160,HA2 ecto.
(HA2)161,HA2 ecto.
(HA2)162,HA2 ecto.
(HA2)163,HA2 ecto.
(HA2)164,HA2 ecto.
(HA2)165,HA2 ecto.
(HA2)166,HA2 ecto.
(HA2)167,HA2 ecto.
(HA2)168,HA2 ecto.
(HA2)169,HA2 ecto.
(HA2)170,HA2 ecto.
(HA2)171,HA2 ecto.
(HA2)172,HA2 ecto.
(HA2)173,HA2 ecto.
(HA2)174,HA2 ecto.
(HA2)175,HA2 ecto.
(HA2)176,HA2 ecto.
(HA2)177,HA2 ecto.
(HA2)178,HA2 ecto.
(HA2)179,HA2 ecto.
(HA2)180,HA2 ecto.
(HA2)181,HA2 ecto.
(HA2)182,HA2 ecto.
(HA2)183,HA2 ecto.
(HA2)184,HA2 ecto.
(HA2)185,TM
(HA2)186,TM
(HA2)187,TM
(HA2)188,TM
(HA2)189,TM
(HA2)190,TM
(HA2)191,TM
(HA2)192,TM
(HA2)193,TM
(HA2)194,TM
(HA2)195,TM
(HA2)196,TM
(HA2)197,TM
(HA2)198,TM
(HA2)199,TM
(HA2)200,TM
(HA2)201,TM
(HA2)202,TM
(HA2)203,TM
(HA2)204,TM
(HA2)205,TM
(HA2)206,TM
(HA2)207,TM
(HA2)208,TM
(HA2)209,TM
(HA2)210,TM
(HA2)211,TM
(HA2)212,cyto. tail
(HA2)213,cyto. tail
(HA2)214,cyto. tail
(HA2)215,cyto. tail
(HA2)216,cyto. tail
(HA2)217,cyto. tail
(HA2)218,cyto. tail
(HA2)219,cyto. tail
(HA2)220,cyto. tail
(HA2)221,cyto. tail
